CREATE DATABASE SQL29092023;
GO

USE SQL29092023;
GO

CREATE TABLE KhachHang(
	MaKH int PRIMARY KEY,
	HoTen nvarchar(50) NOT NULL,
	DiaChi nvarchar(255) NOT NULL,
	SoDT varchar(11) UNIQUE NOT NULL,
	NgSinh date NOT NULL,
	DoanhSo decimal(18, 2) NOT NULL,
	NgDK date NOT NULL
)
GO

CREATE TABLE NhanVien(
	MaNV int PRIMARY KEY,
	HoTen nvarchar(50) NOT NULL,
	SoDT varchar(11) UNIQUE NOT NULL,
	NgVaoLam date NOT NULL
)
GO

CREATE TABLE SanPham(
	MaSP int PRIMARY KEY,
	TenSanPham nvarchar(100) NOT NULL,
	DVT varchar(3) NOT NULL,
	NuocSX varchar(20) NOT NULL,
	Gia decimal(18, 2) NOT NULL
)
GO

CREATE TABLE HoaDon(
	SoHD int PRIMARY KEY,
	NgHD date NOT NULL,
	MaKH int FOREIGN KEY REFERENCES KhachHang(MaKH) NOT NULL,
	MaNV int FOREIGN KEY REFERENCES NhanVien(MaNV) NOT NULL,
	TriGia decimal(18, 2)
);
GO

CREATE TABLE CTHD(
	SoHD int FOREIGN KEY REFERENCES HoaDon(SoHD) NOT NULL,
	MaSP int FOREIGN KEY REFERENCES SanPham(MaSP) NOT NULL,
	SL int NOT NULL,
	PRIMARY KEY(SoHD, MaSP)
);
GO

INSERT INTO KhachHang(MaKH, HoTen, DiaChi, SoDT, NgSinh, DoanhSo, NgDK)
VALUES (1, 'KH A', 'HCM', '09877654321', '02-20-1999', 20000, '12-21-2019'),
	(2, 'KH B', 'HCM', '09877654322', '11-22-1999', 90000, '12-21-2019'),
	(3, 'KH C', 'HCM', '09877654323', '02-10-2000', 50000, '12-21-2019'),
	(4, 'KH D', 'HN', '09877654324', '05-26-2001', 10000, '12-21-2019'),
	(5, 'KH E', 'Da Nang', '09877654325', '02-02-1999', 70000, '12-21-2019')
GO

INSERT INTO NhanVien(MaNV, HoTen, SoDT, NgVaoLam)
VALUES (1, 'NV1', '0987654312', '12-04-2017'),
	(2, 'NV2', '0987654313', '09-07-2020'),
	(3, 'NV3', '0987654314', '01-20-2019'),
	(4, 'NV4', '0987654315', '05-04-2017')
GO

INSERT INTO SanPham(MaSP, TenSanPham, DVT, NuocSX, Gia)
VALUES (1, 'SP1', 'USD', 'Vietnam', 100),
	(2, 'SP2', 'USD', 'Vietnam', 20),
	(3, 'SP3', 'USD', 'Vietnam', 50),
	(4, 'SP4', 'USD', 'Vietnam', 10),
	(5, 'SP5', 'USD', 'Canada', 100)
GO


INSERT INTO HoaDon(SoHD, NgHD, MaKH, MaNV, TriGia)
VALUES (1, '09-20-2023', 1, 1, 200),
	(2, '09-20-2023', 2, 2, 20),
	(3, '09-20-2023', 3, 4, 100),
	(4, '05-23-2023', 3, 3, 100),
	(5, '05-23-2023', 4, 2, 1000)
GO


INSERT INTO CTHD(SoHD, MaSP, SL)
VALUES (1, 1, 2),
	(2, 2, 1),
	(3, 2, 2),
	(5, 1, 5),
	(5, 2, 2),
	(5, 3, 1),
	(5, 4, 2)
GO

/* Cau 1 */
SELECT *
FROM SanPham SP
LEFT JOIN
	(SELECT CTHD.MaSP, HD.NgHD
	FROM HoaDon HD
	INNER JOIN CTHD
	ON HD.SoHD = CTHD.SoHD
	WHERE HD.NgHD = '05-23-2023') NB
ON SP.MaSP = NB.MaSP
WHERE
	SP.NuocSX = 'Vietnam'
GO

/* Cau 2 */
SELECT SP.MaSP, SP.TenSanPham
FROM SanPham SP
WHERE MaSP NOT IN
	(SELECT CTHD.MaSP
	FROM HoaDon HD
	INNER JOIN CTHD
	ON HD.SoHD = CTHD.SoHD)
GO

/* Cau 3 */
WITH SoLuongSanPhamVN_CTE(VNSP)
AS
(
	SELECT COUNT(SP.MaSP) VNSP
	FROM SanPham SP
	WHERE SP.NuocSX = 'Vietnam'
)
SELECT HD.SoHD
FROM HoaDon HD
INNER JOIN
	(SELECT CTHD.SoHD, SP.MaSP
	FROM CTHD
	INNER JOIN SanPham SP
	ON CTHD.MaSP = SP.MaSP
	WHERE SP.NuocSX = 'Vietnam') HDVN
ON HD.SoHD = HDVN.SoHD
GROUP BY HD.SoHD
HAVING COUNT(HDVN.MaSP) = (SELECT VNSP FROM SoLuongSanPhamVN_CTE)
GO
